{"cameraMode":{"drawMode":0,"name":"Shaded","section":"Shading Mode"},"sceneLighting":true,"audioPlay":false,"sceneViewState":{"showFog":true,"showMaterialUpdate":true,"showSkybox":true,"showFlares":true,"showImageEffects":true,"showParticleSystems":true},"in2DMode":false,"pivot":{"x":-0.663478434085846,"y":-2.716240167617798,"z":10.840496063232422},"rotation":{"x":-0.20726409554481507,"y":-0.017023656517267228,"z":0.0036074186209589245,"w":-0.9781303405761719},"size":22.7612247467041,"orthographic":false}